"","lon","lat","species","bio1","bio2","bio3","bio4","bio5","bio6","bio7","bio8","bio9","bio10","bio11","bio12","bio13","bio14","bio15","bio16","bio17","bio18","bio19"
"1",-97.225139,49.820335,"Diplodia tumefaciens",2.2,116,23,13177,258,-238,496,180,-159,180,-159,517,83,17,53,231,59,231,59
"2",-97.244655,49.854683,"Diplodia tumefaciens",2.1,116,23,13181,257,-239,496,179,-160,179,-160,519,83,17,53,232,59,232,59
"3",-93.70418,46.05582,"Diplodia tumefaciens",4.4,126,26,11933,271,-207,478,189,-121,189,-121,732,112,16,53,313,61,313,61
"4",-97.541048,50.128965,"Diplodia tumefaciens",1.8,122,24,13281,258,-247,505,176,-166,176,-166,518,80,18,50,228,62,228,62
"5",-97.541007,50.12908,"Diplodia tumefaciens",1.8,122,24,13281,258,-247,505,176,-166,176,-166,518,80,18,50,228,62,228,62
"7",12.219973,56.047799,"Diplodia alni",7.8,61,24,6377,195,-53,248,155,20,159,-3,625,69,29,24,201,105,189,114
"8",12.323538,55.931137,"Diplodia rudis",7.9,63,25,6295,199,-44,243,155,23,160,1,627,69,30,23,199,108,188,117
"9",12.562652,55.700336,"Diplodia taxi",8.5,63,27,6205,211,-19,230,159,32,166,10,622,67,34,20,192,113,183,141
"10",15.111598,55.02487,"Diplodia taxi",7.8,54,25,6002,198,-18,216,96,21,157,7,567,62,30,22,176,104,151,108
"11",50.08392,58.569143,"Diplodia tumefaciens",2.7,74,18,11216,233,-172,405,168,-42,168,-121,623,85,25,34,218,89,218,107
"12",-99.598404,49.594926,"Diplodia tumefaciens",2.6,130,25,12903,270,-240,510,182,-119,182,-149,449,73,15,57,208,49,208,49
"13",-95.617502,50.112684,"Diplodia tumefaciens",2.1,104,21,12977,250,-235,485,177,-158,177,-158,535,85,17,51,233,63,233,63
"14",-149.7576,61.03045,"Diplodia tumefaciens",1.8,80,25,8421,181,-136,317,74,15,127,-86,538,84,22,42,221,71,154,120
"15",-96.845311,50.087747,"Diplodia tumefaciens",1.9,116,23,13176,255,-241,496,177,-163,177,-163,519,82,17,51,228,62,228,62
"16",50.118839,58.550194,"Diplodia tumefaciens",2.7,74,18,11216,233,-172,405,168,-42,168,-121,623,85,25,34,218,89,218,107
"17",-96.844815,50.008032,"Diplodia tumefaciens",1.9,115,23,13132,253,-241,494,176,-162,176,-162,523,83,17,52,231,62,231,62
"18",12.564183,55.703026,"Diplodia taxi",8.5,63,27,6205,211,-19,230,159,32,166,10,622,67,34,20,192,113,183,141
"19",-148.328977,64.878408,"Diplodia tumefaciens",-3.9,109,22,14097,216,-272,488,138,-118,138,-218,295,56,7,66,153,28,153,42
"20",12.338815,55.927805,"Diplodia lonicerae",7.9,63,25,6290,200,-43,243,155,23,160,0,629,69,30,23,200,108,189,117
"21",12.534907,54.987575,"Diplodia juniperi",7.8,59,25,6002,196,-31,227,151,25,156,5,584,63,32,19,179,108,174,129
"23",8.46478,47.37378,"Diplodia ligustri",8.4,76,30,6243,222,-30,252,163,15,163,3,1152,139,72,25,400,218,400,223
"24",-118.118141,52.868969,"Diplodia tumefaciens",2.1,118,31,8680,211,-166,377,128,-27,128,-94,503,64,24,32,187,77,187,107
"25",60.633584,56.849387,"Diplodia tumefaciens",2.4,89,21,11521,240,-179,419,169,-105,169,-128,506,85,16,50,223,59,223,68
"26",8.66647,47.50674,"Diplodia mutila",8.9,80,31,6376,231,-27,258,169,18,169,6,1068,125,65,24,365,202,365,211
"27",8.73283,47.50602,"Diplodia mutila",9.1,80,30,6409,233,-26,259,171,20,171,7,1050,123,61,25,362,194,362,204
"28",-89.553166,48.395758,"Diplodia tumefaciens",2.3,124,26,11347,246,-219,465,150,-133,161,-133,721,87,29,31,249,113,248,113
"29",-149.955808,60.485339,"Diplodia tumefaciens",1.4,78,27,7301,169,-116,285,67,3,111,-73,727,116,30,45,303,95,162,181
"30",-120.780403,51.166594,"Diplodia tumefaciens",3.7,109,32,7840,217,-122,339,137,-6,137,-65,442,47,23,22,134,76,134,119
"32",8.31975,46.61035,"Diplodia pyrenophora",2.2,61,27,5666,140,-82,222,94,-45,94,-48,1677,176,113,14,508,358,508,366
"33",-94.643496,49.835058,"Diplodia tumefaciens",2.1,100,20,13039,254,-230,484,180,-158,180,-158,596,91,20,49,255,72,255,72
"34",-149.229419,61.562592,"Diplodia tumefaciens",1.7,103,28,9122,201,-155,356,120,-31,133,-97,416,66,15,52,188,49,162,70
"35",-119.364917,52.975108,"Diplodia tumefaciens",2,111,30,8359,210,-158,368,-83,21,123,-90,684,73,38,18,203,122,180,195
"36",-148.943868,63.732309,"Diplodia tumefaciens",-3.6,114,27,10976,186,-228,414,107,-104,107,-170,391,81,10,68,206,38,206,54
"37",-80.93026,46.46043,"Diplodia tumefaciens",4.2,104,24,11009,250,-179,429,125,-42,178,-106,830,98,51,17,253,166,228,176
"38",-120.04763,38.919828,"Diplodia tumefaciens",6.5,150,45,6323,255,-76,331,-10,148,148,-10,780,138,11,69,373,44,50,373
"39",-78.725634,44.098844,"Diplodia tumefaciens",6.3,97,25,9670,254,-123,377,175,-57,183,-66,830,80,55,11,229,173,226,187
"40",24.72418,60.312017,"Diplodia tumefaciens",4.8,68,22,8124,209,-94,303,141,-20,155,-53,648,79,32,31,223,102,201,133
"41",-68.169099,46.130281,"Diplodia tumefaciens",3.9,126,29,10480,252,-182,434,158,-89,169,-103,1009,103,61,15,287,199,284,220
"42",-96.902993,50.019972,"Diplodia tumefaciens",1.9,115,23,13132,254,-241,495,176,-162,176,-162,522,82,17,52,230,62,230,62
"43",18.114392,59.295538,"Diplodia tumefaciens",7,64,23,7279,222,-48,270,156,10,168,-18,523,65,25,29,181,83,171,113
"44",-95.20685,49.698414,"Diplodia tumefaciens",2,107,21,12970,251,-237,488,176,-159,176,-159,568,90,18,52,249,65,249,65
"45",18.115996,59.29764,"Diplodia tumefaciens",7,64,23,7279,222,-48,270,156,10,168,-18,523,65,25,29,181,83,171,113
"46",10.494675,59.832462,"Diplodia pyrenophora",6.2,67,24,7441,212,-65,277,115,4,160,-32,729,88,35,29,250,119,225,136
"47",-97.01362,50.685484,"Diplodia tumefaciens",1.2,123,24,13220,252,-254,506,170,-147,170,-171,537,81,19,47,227,72,227,72
"48",12.048707,55.614474,"Diplodia rosarum",8.2,60,25,6126,202,-31,233,157,27,161,6,607,66,30,21,186,108,179,117
"49",-135.826898,60.866888,"Diplodia tumefaciens",-1.7,120,27,11367,204,-240,444,106,-5,121,-170,328,41,10,32,114,44,110,77
"50",-150.03299,61.14444,"Diplodia tumefaciens",2.1,80,24,8773,184,-137,321,78,20,134,-88,425,73,17,52,192,54,144,73
"51",12.40581,55.781159,"Diplodia aesculi",8.3,65,27,6205,208,-28,236,157,28,163,7,622,68,31,22,195,110,185,119
"52",-114.254219,51.121635,"Diplodia tumefaciens",2.9,131,33,8964,225,-171,396,140,-22,140,-88,460,85,16,55,205,57,205,62
"53",76.912468,43.219795,"Diplodia tumefaciens",8.1,109,26,10586,285,-121,406,149,-60,212,-60,570,95,26,49,247,86,124,86
"54",-67.163889,45.726813,"Diplodia tumefaciens",5,108,27,9737,244,-147,391,7,-25,171,-82,1100,115,78,12,320,240,263,280
"56",12.555314,55.715472,"Diplodia mamillana",8.4,63,27,6207,210,-21,231,159,31,165,9,625,68,33,20,193,112,184,141
"57",-74.680072,39.460553,"Diplodia tumefaciens",12.1,110,32,8265,295,-45,340,221,136,227,14,1098,113,78,11,303,256,296,259
"58",-123.502917,48.551223,"Diplodia tumefaciens",8.6,80,39,4404,204,1,203,37,143,144,33,1112,194,22,67,555,79,96,500
"59",7.53719,46.97353,"Diplodia tiliae",7.8,80,31,6213,217,-37,254,157,35,157,-2,1034,122,67,18,329,216,329,234
"61",10.182041,56.87093,"Diplodia sorbi",7.6,66,27,6028,198,-44,242,85,22,154,0,634,69,33,23,202,109,175,120
"62",12.277168,55.958666,"Diplodia lonicerae",7.9,62,25,6320,198,-47,245,155,22,160,-1,621,69,29,24,199,105,188,114
"63",80.36,41.29,"Diplodia seriata",9.8,145,31,11005,308,-148,456,226,-39,226,-56,80,18,2,75,42,6,42,6
"64",-151.095278,60.437985,"Diplodia tumefaciens",1.2,93,29,8014,169,-145,314,72,9,114,-89,514,88,21,48,225,70,144,101
"66",-2.800524,52.293913,"Diplodia ilicicola",8.6,68,34,4609,194,-1,195,37,133,147,29,831,88,55,15,254,178,183,232
"67",-94.94669,46.7893,"Diplodia tumefaciens",4,125,26,12186,266,-214,480,188,-127,188,-127,676,108,14,55,295,54,295,54
"68",-79.7859,39.6582,"Diplodia corticola",9,120,34,8354,266,-86,352,175,-22,194,-22,1218,125,80,14,359,265,353,265
"70",-122.24,37.89,"Diplodia mutila",14.1,109,53,3690,252,47,205,95,183,188,95,715,148,1,87,375,9,13,375
"71",-151.058902,60.465627,"Diplodia tumefaciens",1.3,93,29,8078,170,-145,315,73,10,115,-89,518,89,21,47,228,70,145,102
"73",-38,-9,"Diplodia galiicola",22.4,99,67,1908,299,152,147,230,227,242,195,720,101,15,46,277,67,221,207
"74",10.89,34.98,"Diplodia seriata",19,87,35,5484,313,71,242,213,257,262,121,237,37,1,55,92,10,31,79
"76",73.43,61.25,"Diplodia pyrenophora",-2.5,88,18,13698,225,-257,482,153,-180,153,-200,572,80,21,40,228,77,228,88
"77",73.43,61.25,"Diplodia melaena",-2.5,88,18,13698,225,-257,482,153,-180,153,-200,572,80,21,40,228,77,228,88
"81",11.205118,60.7487,"Diplodia juniperi",3.8,77,25,8077,203,-102,305,129,-20,143,-66,626,81,28,36,233,90,227,103
"82",8.68979,58.423435,"Diplodia pyrenophora",7.1,54,24,5979,190,-34,224,85,91,148,-3,1054,127,51,28,363,180,255,225
"83",-38.266667,-9.650009,"Diplodia euterpes",25,104,68,1679,330,178,152,252,256,267,226,582,85,11,47,231,52,120,151
"84",12.47903,55.81324,"Diplodia melaena",8.2,64,27,6227,207,-29,236,156,28,162,6,634,69,32,22,198,112,188,122
"85",150.265414,-33.659823,"Diplodia mutila",11.8,100,44,4428,235,11,224,169,68,173,59,1243,157,59,29,451,205,411,252
"87",150.267756,-33.652613,"Diplodia mutila",11.8,100,44,4428,235,11,224,169,68,173,59,1243,157,59,29,451,205,411,252
"89",150.268179,-33.652818,"Diplodia mutila",11.8,100,44,4428,235,11,224,169,68,173,59,1243,157,59,29,451,205,411,252
"90",8.5,49.5,"Diplodia ilicicola",10.2,86,32,6463,247,-15,262,184,31,184,18,646,75,41,20,210,128,210,138
"91",-70.39,43.46,"Diplodia corticola",8.3,114,29,9164,275,-106,381,40,191,199,-39,1144,130,79,15,342,241,245,290
"95",102.25,25.26,"Diplodia seriata",16.3,112,47,4281,259,25,234,210,102,210,102,912,199,10,90,544,32,544,32
"98",174.6312,-36.8811,"Diplodia mutila",15,80,46,3118,240,67,173,110,191,191,110,1278,139,73,19,409,254,254,409
"99",112.48,33.02,"Diplodia seriata",15.1,103,29,9052,319,-33,352,265,30,265,30,799,176,13,72,405,47,405,47
"100",7.00937,47.24261,"Diplodia pyrenophora",6.1,76,31,6047,194,-51,245,137,17,137,-18,1294,126,89,12,356,289,356,344
"101",11.1608,59.9317,"Diplodia melaena",5.1,69,24,7615,205,-80,285,104,-8,151,-45,802,91,42,26,264,135,243,158
"103",8.694686,58.426478,"Diplodia taxi",7.1,54,24,5979,190,-34,224,85,91,148,-3,1054,127,51,28,363,180,255,225
"104",8.861162,58.444855,"Diplodia pyrenophora",7.3,55,24,6016,193,-33,226,86,16,151,-2,980,118,48,28,337,171,242,205
"108",119.16,30.24,"Diplodia seriata",13.9,76,24,8307,296,-19,315,219,50,243,29,1541,252,46,47,621,174,587,196
"123",8.4,49,"Diplodia taxi",10.5,88,32,6550,254,-15,269,172,33,187,20,729,84,45,18,226,146,225,159
"127",172.738468,-43.58748,"Diplodia sophorae",10.9,94,46,3754,212,11,201,59,156,156,59,722,90,43,22,234,142,142,234
"131",178.018865,-38.661371,"Diplodia sophorae",14,100,49,3442,246,45,201,96,173,184,96,1115,134,59,26,380,198,212,380
"132",174.845,-36.945278,"Diplodia mutila",15.3,82,46,3122,243,68,175,113,177,193,113,1233,132,77,17,387,259,260,387
"133",15.40833,47.04167,"Diplodia ligustri",8,100,31,7602,246,-71,317,175,-21,175,-21,881,126,33,42,360,112,360,112
"134",8.96342,46.28864,"Diplodia mutila",8.7,76,30,6199,224,-29,253,166,8,166,8,1314,157,65,28,433,201,433,201
"135",28.99402,62.7207,"Diplodia pyrenophora",2.5,76,21,9394,210,-139,349,130,-47,149,-96,630,83,32,30,221,101,216,122
"138",7.6047,47.5581,"Diplodia sophorae",10.1,85,33,6276,246,-7,253,181,34,181,21,772,98,47,26,265,144,265,145
"139",7.20904,46.88339,"Diplodia lonicerae",8.6,86,32,6319,230,-33,263,166,44,166,3,919,111,59,19,290,189,290,209
"140",7.20904,46.88339,"Diplodia mamillana",8.6,86,32,6319,230,-33,263,166,44,166,3,919,111,59,19,290,189,290,209
"141",13.90833,47.075,"Diplodia pyrenophora",4.3,94,32,6822,193,-93,286,129,-34,129,-47,1358,161,73,26,472,234,472,247
"142",7.6047,47.5581,"Diplodia taxi",10.1,85,33,6276,246,-7,253,181,34,181,21,772,98,47,26,265,144,265,145
"143",7.6047,47.5581,"Diplodia hederae",10.1,85,33,6276,246,-7,253,181,34,181,21,772,98,47,26,265,144,265,145
"144",7.6047,47.5581,"Diplodia atrata",10.1,85,33,6276,246,-7,253,181,34,181,21,772,98,47,26,265,144,265,145
"145",7.6047,47.5581,"Diplodia buxi",10.1,85,33,6276,246,-7,253,181,34,181,21,772,98,47,26,265,144,265,145
"147",7.6047,47.5581,"Diplodia tiliae",10.1,85,33,6276,246,-7,253,181,34,181,21,772,98,47,26,265,144,265,145
"150",12.45,55.65,"Diplodia melaena",8.5,63,27,6166,211,-20,231,159,32,165,11,610,66,32,21,189,109,180,136
"151",7.47149,46.97357,"Diplodia annonae",8.4,83,32,6263,226,-31,257,164,42,164,3,955,116,61,20,309,197,309,211
"152",-2.073966,51.833588,"Diplodia ilicicola",8.8,73,36,4590,201,-1,202,41,51,148,32,763,81,51,13,226,165,182,205
"153",12.45,55.65,"Diplodia ligustri",8.5,63,27,6166,211,-20,231,159,32,165,11,610,66,32,21,189,109,180,136
"154",7.6047,47.5581,"Diplodia ilicicola",10.1,85,33,6276,246,-7,253,181,34,181,21,772,98,47,26,265,144,265,145
"156",-2.077249,53.721383,"Diplodia ilicicola",8.7,70,35,4702,197,1,196,39,135,150,30,1163,128,74,18,366,231,256,332
"157",-99.318889,39.550833,"Diplodia alatafructa",11.2,154,34,10084,337,-106,443,216,-20,242,-20,591,96,11,57,257,39,235,39
"163",21.872778,-33.505833,"Diplodia alatafructa",16.8,153,57,3755,301,35,266,199,126,214,119,235,25,14,16,70,51,65,52
"166",-0.316058,52.271138,"Diplodia rubi",9.8,75,35,4883,213,0,213,157,62,160,36,564,53,33,11,152,121,151,130
"167",-2.807609,52.280379,"Diplodia ilicicola",9,68,34,4586,198,3,195,42,55,150,33,787,82,52,15,238,169,176,217
"329",-2.510343,51.922413,"Diplodia rubi",9.6,71,36,4442,204,11,193,50,60,154,42,750,77,51,14,222,160,173,202
"330",-2.659707,52.191393,"Diplodia rubi",9,70,35,4556,198,3,195,42,54,150,34,754,77,51,14,223,161,173,203
"332",-1.615211,54.529668,"Diplodia rosarum",8.9,73,38,4407,196,4,192,126,53,146,34,677,70,45,13,192,141,175,165
"334",-5.635796,56.27398,"Diplodia ilicicola",9,61,35,4149,182,9,173,66,109,145,39,1720,195,86,28,576,276,342,503
"335",-5.614295,56.273037,"Diplodia ilicicola",8.9,61,35,4149,182,9,173,66,109,145,39,1729,197,86,28,579,278,343,507
"338",-5.178926,58.241586,"Diplodia pyrenophora",8.3,60,36,3764,172,8,164,64,95,133,39,1114,125,61,25,368,189,226,323
"340",-1.615211,54.529668,"Diplodia sarothamni",8.9,73,38,4407,196,4,192,126,53,146,34,677,70,45,13,192,141,175,165
"341",0.081484,51.365561,"Diplodia laurina",10.1,79,36,4855,223,9,214,74,63,165,42,670,67,43,14,199,143,155,172
"342",-0.349238,51.372422,"Diplodia faginea",10.3,81,36,4909,226,6,220,74,66,167,42,644,63,39,13,187,135,152,161
"347",-0.349238,51.372422,"Diplodia melaena",10.3,81,36,4909,226,6,220,74,66,167,42,644,63,39,13,187,135,152,161
"349",-0.94,38.09,"Diplodia rosmarini",18,115,41,5512,325,51,274,151,251,252,112,297,53,3,51,119,25,42,72
"350",-1.615211,54.529668,"Diplodia rubi",8.9,73,38,4407,196,4,192,126,53,146,34,677,70,45,13,192,141,175,165
"352",-0.202123,51.460183,"Diplodia magnoliae",10.9,80,37,4852,232,16,216,82,72,174,50,621,61,39,13,180,130,150,154
"353",-1.615211,54.529668,"Diplodia buxi",8.9,73,38,4407,196,4,192,126,53,146,34,677,70,45,13,192,141,175,165
"355",-0.202123,51.460183,"Diplodia sycina",10.9,80,37,4852,232,16,216,82,72,174,50,621,61,39,13,180,130,150,154
"356",-0.349238,51.372422,"Diplodia ilicicola",10.3,81,36,4909,226,6,220,74,66,167,42,644,63,39,13,187,135,152,161
"358",-0.202123,51.460183,"Diplodia tecta",10.9,80,37,4852,232,16,216,82,72,174,50,621,61,39,13,180,130,150,154
"359",-1.615211,54.529668,"Diplodia tiliae",8.9,73,38,4407,196,4,192,126,53,146,34,677,70,45,13,192,141,175,165
"360",7.86933,47.42251,"Diplodia pyrenophora",8.6,80,31,6217,226,-26,252,165,17,165,6,1015,123,63,23,344,201,344,205
"361",-0.349238,51.372422,"Diplodia ramulicola",10.3,81,36,4909,226,6,220,74,66,167,42,644,63,39,13,187,135,152,161
"363",-1.774646,53.631315,"Diplodia ilicicola",9.5,71,36,4583,204,9,195,47,140,155,39,873,89,60,14,259,186,202,238
"368",-3.390967,52.185036,"Diplodia taxi",8.6,63,32,4669,191,0,191,37,134,147,28,1285,157,74,24,436,230,248,402
"369",13.755677,58.46707,"Diplodia pyrenophora",5.4,79,28,6988,204,-74,278,134,-4,145,-34,644,74,33,26,215,105,198,129
"370",131.23764,34.26994,"Diplodia maculans",13.6,81,27,7504,288,-4,292,198,65,234,42,1902,328,72,50,784,247,710,262
"373",-0.349238,51.372422,"Diplodia mamillana",10.3,81,36,4909,226,6,220,74,66,167,42,644,63,39,13,187,135,152,161
"374",-0.349238,51.372422,"Diplodia salicina",10.3,81,36,4909,226,6,220,74,66,167,42,644,63,39,13,187,135,152,161
"377",13.7293,58.4502,"Diplodia pyrenophora",5.1,79,28,6962,201,-76,277,131,-6,142,-37,663,75,34,26,220,109,203,133
"378",109,30.3,"Diplodia mutila",12.9,72,25,7291,274,-7,281,200,31,221,31,1480,230,25,59,618,84,597,84
"387",109.4,30.1,"Diplodia mutila",15.8,78,26,7574,311,15,296,232,56,252,56,1448,230,26,59,640,89,606,89
"388",-0.345997,51.4623,"Diplodia populina",10.3,80,36,4873,225,8,217,75,67,167,43,625,60,38,12,179,130,151,154
"400",8.83138,46.20038,"Diplodia mutila",9,77,30,6240,229,-27,256,170,11,170,11,1310,155,67,27,422,204,422,204
"401",-0.349238,51.372422,"Diplodia subtecta",10.3,81,36,4909,226,6,220,74,66,167,42,644,63,39,13,187,135,152,161
"408",16.375,48.125,"Diplodia rubi",9.9,97,32,7256,261,-38,299,191,18,191,4,627,76,34,27,218,112,218,114
"409",-0.349238,51.372422,"Diplodia rubi",10.3,81,36,4909,226,6,220,74,66,167,42,644,63,39,13,187,135,152,161
"411",14.45833,46.525,"Diplodia mamillana",5.9,93,31,7203,216,-82,298,150,-22,150,-36,1179,134,57,26,391,189,391,195
"413",8.96468,46.33361,"Diplodia mutila",9,77,30,6216,227,-28,255,169,10,169,10,1299,155,66,28,431,203,431,203
"425",-2.960008,52.548949,"Diplodia ilicicola",7.8,66,33,4650,185,-10,195,29,125,139,20,992,111,64,18,314,203,212,285
"427",-2.907936,52.526885,"Diplodia ilicicola",8,67,34,4655,187,-8,195,31,128,141,22,921,101,61,16,286,194,200,260
"428",0.890276,52.787332,"Diplodia rubi",9.5,67,33,4815,204,1,203,44,59,157,34,635,64,42,13,181,134,163,162
"434",-2.937412,52.526655,"Diplodia ilicicola",8.3,67,34,4619,190,-5,195,34,104,144,25,890,97,59,16,276,187,194,250
"439",1.025898,52.60409,"Diplodia taxi",9.7,68,33,4863,207,1,206,71,61,159,36,623,62,41,12,177,131,161,155
"441",-1.323881,53.449848,"Diplodia pyrenophora",9.5,73,37,4565,205,9,196,48,59,155,39,685,64,47,9,188,153,172,172
"455",-0.647044,51.01654,"Diplodia rubi",9.8,79,36,4923,219,0,219,45,148,163,37,789,85,49,19,250,159,163,217
"469",-5.094339,55.569539,"Diplodia pyrenophora",8.1,65,36,4190,177,-1,178,38,100,137,30,1537,170,83,26,498,257,311,447
"470",-2.072525,50.934425,"Diplodia laurina",9.4,76,37,4574,209,6,203,48,139,155,39,804,91,48,20,260,160,164,239
"476",-1.788725,50.754407,"Diplodia laurina",10.1,79,39,4417,214,12,202,57,143,159,47,796,92,43,24,265,150,152,240
"486",18.354,68.8636,"Diplodia pyrenophora",2,62,25,6314,156,-87,243,67,4,107,-54,634,79,31,27,211,102,166,162
"496",-122.262387,37.87245,"Diplodia liriodendri",14.4,89,51,2876,234,60,174,105,172,178,105,567,123,1,88,310,7,9,310
"497",-122.3,37.9,"Diplodia liriodendri",14.6,91,51,2902,236,60,176,106,174,179,106,568,124,1,89,310,7,9,310
"513",-0.696831,54.253627,"Diplodia fagi",8.7,70,36,4321,193,2,191,43,103,143,34,791,80,55,13,233,176,188,208
"535",-1.781981,52.193038,"Diplodia pyrenophora",9.5,76,37,4594,208,4,204,48,59,155,38,621,61,39,12,170,130,163,153
"540",-1.636425,52.102774,"Diplodia buxi",9.5,76,36,4619,208,2,206,47,59,155,37,611,60,37,12,168,126,160,149
"546",-1.632724,52.552275,"Diplodia lycopersici",9.3,76,37,4654,208,3,205,45,56,154,35,676,66,47,10,187,146,175,173
"674",-5.267921,57.632631,"Diplodia ulicis",6.3,62,35,4120,157,-17,174,22,79,119,14,1536,184,81,27,519,257,297,468
"681",8.05613,46.38719,"Diplodia pyrenophora",1.4,61,27,5628,131,-90,221,86,-52,86,-55,1704,171,120,11,491,382,491,392
"689",38.055183,38.055183,"Diplodia maculata",7.2,121,31,8906,280,-102,382,5,182,182,-45,605,84,5,58,229,19,37,228
"719",-0.696831,54.253627,"Diplodia rudis",8.7,70,36,4321,193,2,191,43,103,143,34,791,80,55,13,233,176,188,208
"746",23.633333,68.383889,"Diplodia pyrenophora",-2.4,89,22,10159,174,-214,388,111,-98,111,-152,481,67,25,32,176,78,176,87
"752",138.733333,-34.983333,"Diplodia acaciarum",13.4,110,49,3950,264,42,222,84,185,185,84,1064,166,32,50,435,107,107,435
"782",16.094118,60.58671,"Diplodia pyrenophora",4.3,85,26,7973,212,-104,316,134,-18,148,-59,637,85,31,30,231,102,220,124
"783",1.468096,52.591956,"Diplodia rubi",10.1,63,31,4742,207,10,197,78,62,161,42,614,65,39,15,180,125,160,148
"791",-1.030934,53.088267,"Diplodia herbarum",9.6,74,35,4875,213,3,210,44,60,160,35,641,59,45,8,172,144,166,158
"797",176.828028,-39.635785,"Diplodia pyrenophora",14.1,98,49,3567,242,44,198,93,137,185,93,742,82,43,22,240,149,161,240
"802",9.952778,52.154724,"Diplodia rubi",8.7,83,33,6095,222,-23,245,165,16,165,9,683,77,43,19,219,139,219,152
"804",-93.18951,44.976424,"Diplodia malorum",7.1,111,25,11485,285,-159,444,211,-86,211,-86,746,109,21,49,311,68,311,68
"806",1.468096,52.591956,"Diplodia tiliae",10.1,63,31,4742,207,10,197,78,62,161,42,614,65,39,15,180,125,160,148
"808",-0.352462,51.282542,"Diplodia rhododendri",9.9,81,36,4945,223,2,221,70,61,164,38,668,65,41,13,194,143,156,168
"809",-0.352462,51.282542,"Diplodia opuli",9.9,81,36,4945,223,2,221,70,61,164,38,668,65,41,13,194,143,156,168
"818",1.468096,52.591956,"Diplodia tecta",10.1,63,31,4742,207,10,197,78,62,161,42,614,65,39,15,180,125,160,148
"821",-121.917885,37.650547,"Diplodia cyparissa",14.5,130,49,4670,295,34,261,89,203,207,89,577,115,1,85,298,8,12,298
"822",1.320732,52.596184,"Diplodia melaena",10.1,65,32,4840,209,8,201,76,63,163,41,626,65,42,13,181,131,162,156
"825",1.320732,52.596184,"Diplodia subtecta",10.1,65,32,4840,209,8,201,76,63,163,41,626,65,42,13,181,131,162,156
"827",1.468096,52.591956,"Diplodia pyrenophora",10.1,63,31,4742,207,10,197,78,62,161,42,614,65,39,15,180,125,160,148
"828",1.313957,52.506436,"Diplodia ilicicola",9.9,65,32,4804,206,5,201,75,61,160,39,623,65,41,14,181,129,162,154
"829",1.468096,52.591956,"Diplodia rhamni",10.1,63,31,4742,207,10,197,78,62,161,42,614,65,39,15,180,125,160,148
"830",1.320732,52.596184,"Diplodia sambucina",10.1,65,32,4840,209,8,201,76,63,163,41,626,65,42,13,181,131,162,156
"833",1.313957,52.506436,"Diplodia subtecta",9.9,65,32,4804,206,5,201,75,61,160,39,623,65,41,14,181,129,162,154
"843",1.320732,52.596184,"Diplodia mamillana",10.1,65,32,4840,209,8,201,76,63,163,41,626,65,42,13,181,131,162,156
"844",1.468096,52.591956,"Diplodia saccardiana",10.1,63,31,4742,207,10,197,78,62,161,42,614,65,39,15,180,125,160,148
"845",1.313957,52.506436,"Diplodia rosarum",9.9,65,32,4804,206,5,201,75,61,160,39,623,65,41,14,181,129,162,154
"851",16.957022,48.127897,"Diplodia rhamni",9.5,95,31,7359,257,-45,302,188,11,188,-2,658,82,36,29,238,114,238,121
"852",1.468096,52.591956,"Diplodia rosarum",10.1,63,31,4742,207,10,197,78,62,161,42,614,65,39,15,180,125,160,148
"855",-122.272222,37.872222,"Diplodia rosarum",14.4,89,51,2876,234,60,174,105,172,178,105,567,123,1,88,310,7,9,310
"857",-121.917885,37.650547,"Diplodia rosarum",14.5,130,49,4670,295,34,261,89,203,207,89,577,115,1,85,298,8,12,298
"858",1.320732,52.596184,"Diplodia rubi",10.1,65,32,4840,209,8,201,76,63,163,41,626,65,42,13,181,131,162,156
"860",1.147635,52.241174,"Diplodia rosarum",9.6,68,33,4843,206,0,206,72,59,158,35,592,59,37,14,170,121,155,143
"867",-1.782855,52.013228,"Diplodia taxi",8.9,75,36,4640,202,-4,206,40,52,149,31,691,70,44,12,198,146,174,177
"869",1.320732,52.596184,"Diplodia roumeguerei",10.1,65,32,4840,209,8,201,76,63,163,41,626,65,42,13,181,131,162,156
"874",-2.815892,52.729829,"Diplodia syringae",8.8,68,34,4597,194,-1,195,62,54,148,30,731,74,48,14,212,150,177,186
"876",-2.748876,52.707797,"Diplodia syringae",8.8,68,34,4613,194,-3,197,37,55,148,29,707,70,46,13,203,145,173,179
"877",1.453985,52.412486,"Diplodia taxi",9.7,65,32,4696,203,5,198,76,59,157,39,610,64,39,15,180,123,159,150
"878",-96.752538,39.002358,"Diplodia graminis",12.2,127,30,9951,324,-87,411,223,-11,247,-11,846,137,19,52,350,70,323,70
"882",-81.695409,41.499495,"Diplodia sophorae",10,105,29,9092,283,-76,359,191,-11,213,-21,929,91,53,15,266,184,266,186
"883",-80.068102,46.983122,"Diplodia thujana",3.2,108,24,11358,243,-200,443,159,-53,170,-122,858,97,50,20,267,163,256,174
"884",-80.247917,47.198978,"Diplodia pyrenophora",2.7,113,25,11487,242,-210,452,154,-58,167,-129,843,95,49,20,263,160,255,167
"886",141.06636,39.65133,"Diplodia mori",8.2,89,25,9117,262,-82,344,198,-29,198,-33,1474,189,76,30,540,260,540,269
"888",-79.426346,43.950007,"Diplodia sambucina",6.7,96,25,9670,259,-113,372,179,-53,187,-61,808,84,51,14,235,165,234,180
"890",-80.56343,43.0447799990589,"Diplodia maclurae",7.4,101,27,9377,266,-100,366,182,-42,191,-50,929,91,58,12,254,198,249,206
"891",-80.523333,43.050556,"Diplodia maclurae",7.4,100,27,9392,267,-99,366,183,-41,192,-49,930,90,59,11,253,200,247,208
"892",-90.441002,45.933998,"Diplodia tumefaciens",4.5,115,26,11035,256,-182,438,166,-107,179,-107,830,111,22,43,315,91,312,91
"893",-95.222956,47.188635,"Diplodia tumefaciens",3.4,130,26,12073,262,-221,483,180,-132,180,-132,668,108,14,55,294,57,294,57
"896",-80.068102,46.983122,"Diplodia herbarum",3.2,108,24,11358,243,-200,443,159,-53,170,-122,858,97,50,20,267,163,256,174
"897",-80.087328,46.955447,"Diplodia pyrenophora",3.2,108,24,11308,243,-198,441,158,-52,170,-121,859,97,50,19,266,164,254,174
"898",-0.086592,42.025629,"Diplodia interrogativa",12.3,104,38,5775,273,2,271,146,51,199,51,467,59,24,24,146,89,103,89
"899",-4,40,"Diplodia melaena",14.9,111,35,6849,330,17,313,105,241,241,65,388,44,8,37,128,43,43,109
"900",-0.086592,42.025629,"Diplodia ampelina",12.3,104,38,5775,273,2,271,146,51,199,51,467,59,24,24,146,89,103,89
"909",18,59,"Diplodia pyrenophora",7.1,62,23,7083,219,-44,263,156,11,167,-14,495,58,24,28,167,79,154,110
"911",-98.859806,38.895289,"Diplodia pseudodiplodia",12.2,141,33,10008,336,-91,427,224,-9,250,-9,641,93,13,53,270,50,255,50
"918",19,47.5,"Diplodia maclurae",11,87,28,7753,271,-33,304,191,24,206,7,562,68,32,23,180,103,173,117
"919",20,47,"Diplodia maclurae",10.7,97,30,7813,272,-44,316,188,20,202,2,523,69,28,27,179,90,169,105
"921",10.5,51.5,"Diplodia ceanothi",7.8,81,32,6275,214,-35,249,158,5,158,-3,699,82,46,18,223,143,223,152
"930",-1.786261,51.293935,"Diplodia salicina",9.3,75,35,4747,210,0,210,44,57,156,34,733,79,46,17,229,155,162,203
"931",-92.30968,38.990615,"Diplodia juglandis",12.3,118,30,9593,316,-77,393,220,-7,242,-7,977,122,37,31,329,134,296,134
"934",-0.510285,50.835017,"Diplodia laurina",10.1,80,37,4764,219,6,213,74,148,163,41,742,81,47,20,234,149,154,200
"935",141.06636,39.65133,"Diplodia hoveniae",8.2,89,25,9117,262,-82,344,198,-29,198,-33,1474,189,76,30,540,260,540,269
"936",141.06636,39.65133,"Diplodia togashiana",8.2,89,25,9117,262,-82,344,198,-29,198,-33,1474,189,76,30,540,260,540,269
"947",138.65245,35.14922,"Diplodia oryzae",15.8,92,30,7116,305,4,301,252,68,252,68,2015,271,62,41,716,221,716,221
"950",14.708445,52.61814,"Diplodia indigoferae",9.1,79,26,7658,245,-49,294,185,0,185,-13,528,69,28,27,184,91,184,104
"952",-92.30968,38.990615,"Diplodia zeae",12.3,118,30,9593,316,-77,393,220,-7,242,-7,977,122,37,31,329,134,296,134
"954",-96.571669,39.183608,"Diplodia zeae",12.2,132,31,10018,329,-92,421,224,-12,248,-12,857,136,20,51,354,69,325,69
"957",172.77904,-41.795833,"Diplodia salicina",8,85,45,3562,178,-10,188,75,124,124,32,1720,174,95,14,489,346,346,436
"960",-121.696279,37.232484,"Diplodia maculata",14.7,148,51,4827,310,24,286,88,208,210,88,586,120,2,89,311,8,13,311
"963",-89.332328,42.014751,"Diplodia sambuci",8.6,115,28,10356,286,-123,409,212,-56,212,-56,913,112,31,34,316,117,316,117
"967",-110.4967,44.72,"Diplodia heteromelina",-0.5,155,38,8497,216,-186,402,78,65,105,-112,601,65,38,15,171,133,159,156
"968",-82.410278,28.510278,"Diplodia pyrenophora",21.5,124,50,4629,326,80,246,269,191,269,152,1386,218,56,49,599,182,599,235
"970",-98.948162,46.301914,"Diplodia abrotani",4.8,131,27,12046,287,-191,478,172,-115,197,-115,480,88,11,61,219,34,210,34
"975",175.15606,-37.737123,"Diplodia crataegi",14.2,92,48,3280,240,49,191,99,184,184,99,1337,141,81,16,411,268,268,411
"976",14.071368,50.916255,"Diplodia melaena",7.6,75,28,6869,217,-45,262,163,-3,163,-13,606,79,32,29,219,105,219,111
"984",-4,40,"Diplodia hypericina",14.9,111,35,6849,330,17,313,105,241,241,65,388,44,8,37,128,43,43,109
"999",-83.75333,42.42682,"Diplodia melaena",8.6,104,27,9639,278,-96,374,206,-29,206,-43,796,86,42,21,241,144,241,145
"1004",14.708445,52.61814,"Diplodia lantanae",9.1,79,26,7658,245,-49,294,185,0,185,-13,528,69,28,27,184,91,184,104
"1016",14.708445,52.61814,"Diplodia pteleae",9.1,79,26,7658,245,-49,294,185,0,185,-13,528,69,28,27,184,91,184,104
"1021",14.708445,52.61814,"Diplodia tamaricina",9.1,79,26,7658,245,-49,294,185,0,185,-13,528,69,28,27,184,91,184,104
"1026",14.708445,52.61814,"Diplodia juglandis",9.1,79,26,7658,245,-49,294,185,0,185,-13,528,69,28,27,184,91,184,104
"1035",-4,40,"Diplodia sophorae",14.9,111,35,6849,330,17,313,105,241,241,65,388,44,8,37,128,43,43,109
"1036",-4,40,"Diplodia gleditschiae",14.9,111,35,6849,330,17,313,105,241,241,65,388,44,8,37,128,43,43,109
"1038",137.53047,35.43836,"Diplodia oryzae",10.7,98,29,8341,276,-59,335,210,0,213,0,2045,284,65,48,811,208,802,208
"1039",12.102261,53.210312,"Diplodia rosarum",8.4,73,29,6451,220,-28,248,167,33,167,3,577,66,32,21,190,107,190,125
"1050",10.5,51.5,"Diplodia ailanthina",7.8,81,32,6275,214,-35,249,158,5,158,-3,699,82,46,18,223,143,223,152
"1055",14.708445,52.61814,"Diplodia ailanthina",9.1,79,26,7658,245,-49,294,185,0,185,-13,528,69,28,27,184,91,184,104
"1061",14.708445,52.61814,"Diplodia rhois",9.1,79,26,7658,245,-49,294,185,0,185,-13,528,69,28,27,184,91,184,104
"1062",14.071368,50.916255,"Diplodia ramulicola",7.6,75,28,6869,217,-45,262,163,-3,163,-13,606,79,32,29,219,105,219,111
"1064",-99.265097,39.438066,"Diplodia juglandis",11.4,154,34,10138,339,-105,444,218,-19,244,-19,590,93,11,55,252,41,232,41
"1066",-99.325054,39.35023,"Diplodia juglandis",11.2,150,34,10111,336,-104,440,217,-20,243,-20,590,92,11,55,253,41,234,41
"1070",10.5,51.5,"Diplodia forsythiae",7.8,81,32,6275,214,-35,249,158,5,158,-3,699,82,46,18,223,143,223,152
"1072",14.708445,52.61814,"Diplodia forsythiae",9.1,79,26,7658,245,-49,294,185,0,185,-13,528,69,28,27,184,91,184,104
"1079",20,47,"Diplodia mori",10.7,97,30,7813,272,-44,316,188,20,202,2,523,69,28,27,179,90,169,105
"1132",-93.750179,32.525152,"Diplodia aesculi",18.3,123,38,7216,340,20,320,223,237,273,88,1195,127,68,15,343,240,264,315
"1135",-91.824717,30.127094,"Diplodia aesculi",19.6,112,40,6209,326,47,279,271,203,271,113,1499,173,93,18,467,317,467,374
"1147",-86,50,"Diplodia rubi",-0.2,128,25,12438,236,-268,504,149,-172,149,-172,805,93,41,27,268,137,268,137
"1152",-122.632639,47.567318,"Diplodia extensa",10.7,95,40,4885,240,7,233,52,170,170,47,1164,197,20,64,559,85,85,512
"1154",-122.648996,47.639831,"Diplodia extensa",10.5,93,40,4862,237,7,230,51,168,168,46,1136,192,21,62,538,89,89,493
"1157",12.102261,53.210312,"Diplodia forsythiae",8.4,73,29,6451,220,-28,248,167,33,167,3,577,66,32,21,190,107,190,125
"1159",-122.659722,47.561111,"Diplodia extensa",10.7,95,40,4885,240,7,233,52,170,170,47,1164,197,20,64,559,85,85,512
"1168",12.102261,53.210312,"Diplodia salicina",8.4,73,29,6451,220,-28,248,167,33,167,3,577,66,32,21,190,107,190,125
"1169",12.102261,53.210312,"Diplodia mamillana",8.4,73,29,6451,220,-28,248,167,33,167,3,577,66,32,21,190,107,190,125
"1172",12.102261,53.210312,"Diplodia licalis",8.4,73,29,6451,220,-28,248,167,33,167,3,577,66,32,21,190,107,190,125
"1173",8.446252,54.869735,"Diplodia salicorniae",8.7,50,24,5689,198,-9,207,103,33,159,16,821,92,41,26,271,134,251,157
"1180",14.708445,52.61814,"Diplodia rudis",9.1,79,26,7658,245,-49,294,185,0,185,-13,528,69,28,27,184,91,184,104
"1190",137.53047,35.43836,"Diplodia mori",10.7,98,29,8341,276,-59,335,210,0,213,0,2045,284,65,48,811,208,802,208
"1192",-87.85,41.8333,"Diplodia smilacina",9.8,105,27,9980,290,-98,388,222,-36,222,-36,923,103,36,29,301,142,301,142
"1194",-87.85,41.8333,"Diplodia staphyleae",9.8,105,27,9980,290,-98,388,222,-36,222,-36,923,103,36,29,301,142,301,142
"1195",-87.85,41.8333,"Diplodia caryogena",9.8,105,27,9980,290,-98,388,222,-36,222,-36,923,103,36,29,301,142,301,142
"1196",-87.85,41.8333,"Diplodia tiliae",9.8,105,27,9980,290,-98,388,222,-36,222,-36,923,103,36,29,301,142,301,142
"1198",-122.542358,47.642874,"Diplodia subtecta",10.5,89,39,4809,234,9,225,52,167,167,47,1060,173,21,60,494,89,89,452
"1203",-122.648996,47.639831,"Diplodia subtecta",10.5,93,40,4862,237,7,230,51,168,168,46,1136,192,21,62,538,89,89,493
"1209",14.708445,52.61814,"Diplodia ostryae",9.1,79,26,7658,245,-49,294,185,0,185,-13,528,69,28,27,184,91,184,104
"1214",14.708445,52.61814,"Diplodia nuttalliae",9.1,79,26,7658,245,-49,294,185,0,185,-13,528,69,28,27,184,91,184,104
"1231",-89.5167,41.4,"Diplodia rhoina",9.5,119,29,10247,296,-114,410,220,-46,220,-46,910,107,31,34,305,119,305,119
"1237",-4.407688,57.292513,"Diplodia pyrenophora",6.8,68,33,4837,179,-25,204,18,87,135,8,1096,122,58,23,355,192,232,319
"1238",14.708445,52.61814,"Diplodia ilicicola",9.1,79,26,7658,245,-49,294,185,0,185,-13,528,69,28,27,184,91,184,104
"1243",14.708445,52.61814,"Diplodia pseudodiplodia",9.1,79,26,7658,245,-49,294,185,0,185,-13,528,69,28,27,184,91,184,104
"1244",-87.85,41.8333,"Diplodia pruni",9.8,105,27,9980,290,-98,388,222,-36,222,-36,923,103,36,29,301,142,301,142
"1248",14.708445,52.61814,"Diplodia platanicola",9.1,79,26,7658,245,-49,294,185,0,185,-13,528,69,28,27,184,91,184,104
"1251",-0.135465,53.077607,"Diplodia herbarum",9.6,72,34,4904,212,1,211,158,61,160,35,589,59,38,11,159,127,157,141
"1254",-94.226056,39.339171,"Diplodia cercidis",11.8,122,30,9819,315,-89,404,219,-15,239,-15,967,121,30,41,353,103,331,103
"1256",-92.5,38.5,"Diplodia cercidis",12.9,125,31,9345,322,-73,395,181,2,245,2,1002,128,36,30,333,142,286,142
"1258",10.338564,49.94751,"Diplodia euphorbiae",8.9,91,33,6714,239,-35,274,173,14,173,1,609,73,37,20,196,120,196,131
"1272",-85.69162,32.424029,"Diplodia euonymi",17.4,130,41,6920,324,9,315,96,226,259,81,1386,166,69,22,431,262,339,397
"1277",-122.137349,47.037642,"Diplodia atrata",9.1,102,42,4873,232,-7,239,37,155,155,33,1433,200,38,44,588,166,167,532
"1281",14.708445,52.61814,"Diplodia gleditschiae",9.1,79,26,7658,245,-49,294,185,0,185,-13,528,69,28,27,184,91,184,104
"1286",-96.659739,39.679567,"Diplodia polygonicola",11.7,133,30,10363,328,-104,432,223,-24,246,-24,810,125,16,53,332,60,322,60
"1288",-96.659739,39.681945,"Diplodia polygonicola",11.7,133,30,10363,328,-104,432,223,-24,246,-24,810,125,16,53,332,60,322,60
"1293",-0.696831,54.253627,"Diplodia malorum",8.7,70,36,4321,193,2,191,43,103,143,34,791,80,55,13,233,176,188,208
"1294",-0.389971,54.24992,"Diplodia henriquesii",9.5,69,37,4239,196,11,185,52,133,149,42,812,86,57,14,246,176,197,218
"1296",-2.077249,53.721383,"Diplodia tiliae",8.7,70,35,4702,197,1,196,39,135,150,30,1163,128,74,18,366,231,256,332
"1303",14.708445,52.61814,"Diplodia juniperi",9.1,79,26,7658,245,-49,294,185,0,185,-13,528,69,28,27,184,91,184,104
"1304",-1.774166,53.721195,"Diplodia herbarum",9.2,71,36,4581,201,6,195,45,138,152,36,892,92,61,14,267,189,204,246
"1306",-1.925707,53.721385,"Diplodia herbarum",8.9,70,35,4656,199,4,195,41,136,151,33,1052,113,70,17,325,214,234,297
"1340",-86,50,"Diplodia rhoina",-0.2,128,25,12438,236,-268,504,149,-172,149,-172,805,93,41,27,268,137,268,137
"1342",-85.69162,32.424029,"Diplodia maura",17.4,130,41,6920,324,9,315,96,226,259,81,1386,166,69,22,431,262,339,397
"1347",-85.69162,32.424029,"Diplodia liriodendri",17.4,130,41,6920,324,9,315,96,226,259,81,1386,166,69,22,431,262,339,397
"1355",9.845472,55.86147,"Diplodia taxi",7.7,66,26,6195,196,-55,251,85,23,156,-2,670,74,37,22,213,117,181,132
"1357",-122.16968,37.428923,"Diplodia meliae",14.3,112,53,3584,249,39,210,97,186,188,97,481,99,1,87,255,6,9,255
"1366",-122.419416,37.77493,"Diplodia lupini",13.9,80,52,2331,218,67,151,108,160,167,108,608,127,1,88,321,8,48,321
"1367",-0.688263,54.523169,"Diplodia ilicicola",9,70,36,4308,196,5,191,47,108,147,37,779,80,54,13,230,172,185,204
"1373",0.009536,52.98534,"Diplodia pyrenophora",9.6,71,33,4910,211,0,211,43,61,160,34,592,58,38,11,162,128,156,143
"1380",-84.529364,46.328183,"Diplodia rhoina",4.6,105,26,9884,246,-147,393,126,-78,167,-86,846,101,41,22,266,149,242,163
"1397",11.883333,45.416667,"Diplodia subtecta",13.5,94,32,7280,293,4,289,174,55,226,40,877,94,60,14,249,188,226,190
"1398",14.065494,50.917892,"Diplodia persicae",8.2,76,28,6885,225,-39,264,169,3,169,-7,586,76,31,29,211,101,211,108
"1400",10.85,44.6,"Diplodia paliuri",13.2,91,29,7359,296,-8,304,88,225,225,35,823,97,45,20,259,167,167,186
"1402",12.14,45.775278,"Diplodia syriaca",12.7,98,32,7154,284,-16,300,164,33,217,33,993,111,63,18,288,195,278,195
"1403",12.1447,45.78635,"Diplodia alni",12.7,98,32,7154,284,-16,300,164,33,217,33,993,111,63,18,288,195,278,195
"1409",17,59,"Diplodia abrotani",6.5,70,25,7144,216,-58,274,149,5,160,-23,564,68,27,27,188,93,180,125
"1410",-99.265,39.438056,"Diplodia melaena",11.4,154,34,10138,339,-105,444,218,-19,244,-19,590,93,11,55,252,41,232,41
"1411",-99.325054,39.35023,"Diplodia melaena",11.2,150,34,10111,336,-104,440,217,-20,243,-20,590,92,11,55,253,41,234,41
"1422",13.4,52.516667,"Diplodia mahoniae",9,81,29,6934,238,-34,272,178,41,178,0,571,70,34,22,188,110,188,127
"1423",13.485235,52.465825,"Diplodia sydowiana",9.1,81,29,6955,239,-34,273,178,42,178,0,553,69,31,23,183,105,183,122
"1424",13.473707,52.454338,"Diplodia ligustri",9.1,81,29,6927,239,-33,272,178,42,178,1,551,68,31,22,181,106,181,122
"1426",-99.325054,39.35023,"Diplodia subterranea",11.2,150,34,10111,336,-104,440,217,-20,243,-20,590,92,11,55,253,41,234,41
"1427",-99.318889,39.550833,"Diplodia subterranea",11.2,154,34,10084,337,-106,443,216,-20,242,-20,591,96,11,57,257,39,235,39
"1432",-99.325054,39.35023,"Diplodia rhois",11.2,150,34,10111,336,-104,440,217,-20,243,-20,590,92,11,55,253,41,234,41
"1445",-86,50,"Diplodia melaena",-0.2,128,25,12438,236,-268,504,149,-172,149,-172,805,93,41,27,268,137,268,137
"1450",-99.325054,39.35023,"Diplodia symphoricarpi",11.2,150,34,10111,336,-104,440,217,-20,243,-20,590,92,11,55,253,41,234,41
"1451",0.026396,53.344673,"Diplodia herbarum",9.5,70,33,4825,207,1,206,43,58,157,33,635,63,42,12,179,137,163,158
"1453",-83.838771,42.253226,"Diplodia fibriseda",8.6,106,28,9575,278,-96,374,205,-28,205,-42,819,88,43,20,248,150,248,151
"1456",-81.081192,38.028778,"Diplodia cercidis",10.5,126,36,7951,275,-71,346,185,-2,204,-2,1137,130,77,15,339,244,337,244
"1461",-81.081192,38.028778,"Diplodia caryigena",10.5,126,36,7951,275,-71,346,185,-2,204,-2,1137,130,77,15,339,244,337,244
"1466",13.307499,52.429431,"Diplodia spiraeae",9.1,82,30,6921,240,-33,273,178,42,178,1,572,70,35,21,187,113,187,128
"1472",8.015174,50.00448,"Diplodia melaena",9,83,32,6259,231,-23,254,170,50,170,9,604,62,38,16,184,118,184,138
"1473",8.015174,50.00448,"Diplodia ligustri",9,83,32,6259,231,-23,254,170,50,170,9,604,62,38,16,184,118,184,138
"1474",8.015174,50.00448,"Diplodia mamillana",9,83,32,6259,231,-23,254,170,50,170,9,604,62,38,16,184,118,184,138
"1475",8.015174,50.00448,"Diplodia taxi",9,83,32,6259,231,-23,254,170,50,170,9,604,62,38,16,184,118,184,138
"1476",8.015174,50.00448,"Diplodia juglandis",9,83,32,6259,231,-23,254,170,50,170,9,604,62,38,16,184,118,184,138
"1477",8.015174,50.00448,"Diplodia rubi",9,83,32,6259,231,-23,254,170,50,170,9,604,62,38,16,184,118,184,138
"1478",8.237962,50.052154,"Diplodia padi",9.6,82,32,6356,237,-19,256,177,55,177,14,568,61,34,18,178,106,178,124
"1480",8.015174,50.00448,"Diplodia mori",9,83,32,6259,231,-23,254,170,50,170,9,604,62,38,16,184,118,184,138
"1481",10.5,51.5,"Diplodia syringae",7.8,81,32,6275,214,-35,249,158,5,158,-3,699,82,46,18,223,143,223,152
"1484",-83.838771,42.253226,"Diplodia juglandis",8.6,106,28,9575,278,-96,374,205,-28,205,-42,819,88,43,20,248,150,248,151
"1485",-83.838771,42.253226,"Diplodia coryli",8.6,106,28,9575,278,-96,374,205,-28,205,-42,819,88,43,20,248,150,248,151
"1488",-75.113037,39.729001,"Diplodia zeae",12.2,109,31,8624,300,-49,349,232,9,232,9,1117,110,75,11,312,251,312,251
"1491",13.343739,52.480155,"Diplodia ligustri",9.1,82,30,6906,239,-33,272,177,42,177,0,573,70,34,22,188,111,188,128
"1493",-73.925684,42.468692,"Diplodia subtecta",7.8,121,30,9389,274,-118,392,174,-49,195,-49,1001,100,60,14,291,201,283,201
"1494",18.06995,59.325706,"Diplodia pyrenophora",7,64,23,7268,222,-48,270,156,10,168,-18,527,66,25,30,183,83,174,113
"1497",18.01846,59.34257,"Diplodia pyrenophora",7,64,23,7303,222,-49,271,156,9,168,-19,529,67,25,30,185,83,176,112
"1506",13.329886,52.452702,"Diplodia hippophaearum",9.1,82,30,6921,240,-33,273,178,42,178,1,572,70,35,21,187,113,187,128
"1507",18.117,59.3259,"Diplodia pyrenophora",7,64,23,7279,222,-48,270,156,10,168,-18,523,65,25,29,181,83,171,113
"1510",-81.25,42.983333,"Diplodia maclurae",7.4,100,27,9321,262,-100,362,182,-41,190,-50,945,91,58,12,255,198,254,215
"1511",12.483056,55.804444,"Diplodia pyrenophora",8.2,64,27,6227,207,-29,236,156,28,162,6,634,69,32,22,198,112,188,122
"1515",18,59,"Diplodia aesculi",7.1,62,23,7083,219,-44,263,156,11,167,-14,495,58,24,28,167,79,154,110
"1521",17,59,"Diplodia pyrenophora",6.5,70,25,7144,216,-58,274,149,5,160,-23,564,68,27,27,188,93,180,125
"1538",13.296524,51.05798,"Diplodia kerriae",8.1,76,29,6738,223,-37,260,167,3,167,-5,624,79,35,26,219,112,219,120
"1547",18,59,"Diplodia buxi",7.1,62,23,7083,219,-44,263,156,11,167,-14,495,58,24,28,167,79,154,110
"1564",-96.571669,39.183608,"Diplodia maura",12.2,132,31,10018,329,-92,421,224,-12,248,-12,857,136,20,51,354,69,325,69
"1565",13.329886,52.452702,"Diplodia wisteriae",9.1,82,30,6921,240,-33,273,178,42,178,1,572,70,35,21,187,113,187,128
"1566",13.303501,52.516328,"Diplodia taxi",9.1,82,30,6920,238,-33,271,178,42,178,0,574,70,35,22,188,111,188,128
"1568",14.071368,50.916255,"Diplodia mori",7.6,75,28,6869,217,-45,262,163,-3,163,-13,606,79,32,29,219,105,219,111
"1569",18.07814,59.31706,"Diplodia rubi",7,64,23,7268,222,-48,270,156,10,168,-18,527,66,25,30,183,83,174,113
"1586",13.329886,52.452702,"Diplodia tecomae",9.1,82,30,6921,240,-33,273,178,42,178,1,572,70,35,21,187,113,187,128
"1617",13.329886,52.452702,"Diplodia melaena",9.1,82,30,6921,240,-33,273,178,42,178,1,572,70,35,21,187,113,187,128
"1644",13.4,52.516667,"Diplodia syringae",9,81,29,6934,238,-34,272,178,41,178,0,571,70,34,22,188,110,188,127
"1646",13.303501,52.516328,"Diplodia aesculi",9.1,82,30,6920,238,-33,271,178,42,178,0,574,70,35,22,188,111,188,128
"1647",13.322605,52.504085,"Diplodia mamma",9.1,82,30,6920,238,-33,271,178,42,178,0,574,70,35,22,188,111,188,128
"1670",-82.742964,39.649244,"Diplodia vincae",10.6,122,33,8885,291,-78,369,197,-14,216,-14,990,110,58,20,310,190,294,190
"1697",-0.555918,53.892485,"Diplodia herbarum",9.3,71,36,4428,199,7,192,47,58,150,37,686,68,46,11,195,149,171,173
"1706",-1.92523,53.991021,"Diplodia vulgaris",8.5,71,36,4591,194,0,194,38,130,145,29,1039,111,68,17,322,209,231,294
"1707",-2.385277,54.260051,"Diplodia tecta",7.2,70,36,4562,179,-15,194,24,91,131,15,1322,152,78,22,432,246,280,389
"1754",13.352737,52.488923,"Diplodia mori",9.1,82,30,6906,239,-33,272,177,42,177,0,573,70,34,22,188,111,188,128
"1758",-75.017343,39.547563,"Diplodia maura",12.2,113,32,8477,300,-49,349,223,11,230,11,1109,110,77,10,304,255,303,255
"1773",-75.024896,39.546504,"Diplodia zeae",12.2,113,32,8477,300,-49,349,223,11,230,11,1109,110,77,10,304,255,303,255
"1784",-75.024896,39.546504,"Diplodia juglandis",12.2,113,32,8477,300,-49,349,223,11,230,11,1109,110,77,10,304,255,303,255
"1799",10.5,51.5,"Diplodia tamaricis",7.8,81,32,6275,214,-35,249,158,5,158,-3,699,82,46,18,223,143,223,152
"1810",13.840138,50.646569,"Diplodia aesculi",7.6,75,28,6976,218,-48,266,164,-4,164,-15,569,77,29,33,213,94,213,98
"1818",13.840138,50.646569,"Diplodia syringae",7.6,75,28,6976,218,-48,266,164,-4,164,-15,569,77,29,33,213,94,213,98
"1845",0.212052,51.093368,"Diplodia consors",9.9,78,37,4774,217,7,210,74,145,161,40,699,76,44,20,220,144,148,189
"1848",0.212052,51.093368,"Diplodia aesculi",9.9,78,37,4774,217,7,210,74,145,161,40,699,76,44,20,220,144,148,189
"1851",0.212052,51.093368,"Diplodia herbarum",9.9,78,37,4774,217,7,210,74,145,161,40,699,76,44,20,220,144,148,189
"1852",0.212052,51.093368,"Diplodia vulgaris",9.9,78,37,4774,217,7,210,74,145,161,40,699,76,44,20,220,144,148,189
"1858",34.3,61.8,"Diplodia pyrenophora",2.5,75,21,9352,208,-147,355,131,-87,146,-96,574,86,21,39,219,80,206,89
"1866",6.158583,46.189304,"Diplodia juglandis",10.2,91,32,6527,258,-19,277,109,95,185,18,934,97,66,11,254,214,241,225
"1874",0.123309,52.264053,"Diplodia confluens",9.7,75,35,4848,213,0,213,159,62,159,36,546,52,32,11,149,114,149,123
"1875",0.123309,52.264053,"Diplodia ilicicola",9.7,75,35,4848,213,0,213,159,62,159,36,546,52,32,11,149,114,149,123
"1876",-0.456299,52.452874,"Diplodia cowdellii",9.6,75,34,4941,213,-3,216,160,60,160,34,581,55,35,10,156,127,156,134
"1877",-2.360627,51.383491,"Diplodia paupercula",9.4,73,36,4621,208,7,201,47,57,155,38,786,84,50,16,240,166,178,218
"1878",-0.453149,52.542741,"Diplodia caespitosa",9.7,74,34,4955,214,-2,216,161,41,161,34,570,55,34,10,154,125,154,130
"1879",-2.21736,51.473761,"Diplodia vulgaris",9.3,73,36,4626,207,6,201,46,56,154,37,764,81,50,15,231,162,175,209
"1880",10.8354,59.9409,"Diplodia pyrenophora",5.4,70,24,7606,208,-77,285,106,-5,154,-43,779,92,39,27,262,129,241,148
"1881",10.7669,59.9144,"Diplodia pyrenophora",5.9,69,24,7553,212,-70,282,111,1,158,-36,756,90,37,28,257,124,234,142
"1883",10.7344,59.9427,"Diplodia pyrenophora",5.9,70,24,7562,213,-71,284,110,1,158,-37,753,91,37,28,256,122,236,141
"1884",15.63325,66.87726,"Diplodia pyrenophora",-1.4,67,26,6550,123,-130,253,36,14,74,-93,1089,117,59,20,321,198,285,284
"1886",-2.950326,52.099502,"Diplodia taxi",9.5,68,34,4604,203,8,195,47,116,156,38,831,89,54,17,258,171,179,236
"1887",-2.659707,52.191393,"Diplodia salicina",9,70,35,4556,198,3,195,42,54,150,34,754,77,51,14,223,161,173,203
"2332",4.5,49,"Diplodia ilicicola",9.9,91,36,5816,236,-13,249,172,61,172,23,683,73,44,14,195,140,195,171
"2488",9.00528,49.77444,"Diplodia cerasorum",9.3,88,33,6511,238,-27,265,175,20,175,8,712,80,45,17,223,146,223,156
"2489",9.00528,49.77444,"Diplodia tiliae",9.3,88,33,6511,238,-27,265,175,20,175,8,712,80,45,17,223,146,223,156
"2490",9.00528,49.77444,"Diplodia pruni",9.3,88,33,6511,238,-27,265,175,20,175,8,712,80,45,17,223,146,223,156
"2491",9.00528,49.77444,"Diplodia lantanae",9.3,88,33,6511,238,-27,265,175,20,175,8,712,80,45,17,223,146,223,156
"2492",9.00528,49.77444,"Diplodia caulicola",9.3,88,33,6511,238,-27,265,175,20,175,8,712,80,45,17,223,146,223,156
"2493",9.00528,49.77444,"Diplodia lonicerae",9.3,88,33,6511,238,-27,265,175,20,175,8,712,80,45,17,223,146,223,156
"2494",9.00528,49.77444,"Diplodia coryli",9.3,88,33,6511,238,-27,265,175,20,175,8,712,80,45,17,223,146,223,156
"2496",9.00528,49.77444,"Diplodia frangulae",9.3,88,33,6511,238,-27,265,175,20,175,8,712,80,45,17,223,146,223,156
"2497",9.00528,49.77444,"Diplodia abrotani",9.3,88,33,6511,238,-27,265,175,20,175,8,712,80,45,17,223,146,223,156
"2498",9.00528,49.77444,"Diplodia alni",9.3,88,33,6511,238,-27,265,175,20,175,8,712,80,45,17,223,146,223,156
"2499",9.00306,48.5925,"Diplodia lycii",8.4,88,33,6345,227,-35,262,165,14,165,2,818,100,50,24,275,153,275,163
"2500",9.00306,48.5925,"Diplodia mamma",8.4,88,33,6345,227,-35,262,165,14,165,2,818,100,50,24,275,153,275,163
"2502",9.00528,49.77444,"Diplodia humuli",9.3,88,33,6511,238,-27,265,175,20,175,8,712,80,45,17,223,146,223,156
"2504",9.00528,49.77444,"Diplodia malorum",9.3,88,33,6511,238,-27,265,175,20,175,8,712,80,45,17,223,146,223,156
"2505",9.00528,49.77444,"Diplodia scabra",9.3,88,33,6511,238,-27,265,175,20,175,8,712,80,45,17,223,146,223,156
"2508",9.00528,49.77444,"Diplodia cincta",9.3,88,33,6511,238,-27,265,175,20,175,8,712,80,45,17,223,146,223,156
"2510",9.00528,49.77444,"Diplodia pseudodiplodia",9.3,88,33,6511,238,-27,265,175,20,175,8,712,80,45,17,223,146,223,156
"2511",9.00528,49.77444,"Diplodia sparsa",9.3,88,33,6511,238,-27,265,175,20,175,8,712,80,45,17,223,146,223,156
"2512",8.015174,50.00448,"Diplodia caulicola",9,83,32,6259,231,-23,254,170,50,170,9,604,62,38,16,184,118,184,138
"2514",8.015174,50.00448,"Diplodia alni",9,83,32,6259,231,-23,254,170,50,170,9,604,62,38,16,184,118,184,138
"2517",-122.419416,37.77493,"Diplodia rhoina",13.9,80,52,2331,218,67,151,108,160,167,108,608,127,1,88,321,8,48,321
"2518",8.015174,50.00448,"Diplodia euonymi",9,83,32,6259,231,-23,254,170,50,170,9,604,62,38,16,184,118,184,138
"2519",8.015174,50.00448,"Diplodia coryli",9,83,32,6259,231,-23,254,170,50,170,9,604,62,38,16,184,118,184,138
"2521",8.015174,50.00448,"Diplodia frangulae",9,83,32,6259,231,-23,254,170,50,170,9,604,62,38,16,184,118,184,138
"2622",1.51,42.495,"Diplodia mutila",6.2,78,33,5485,194,-38,232,74,3,135,-3,1118,121,75,14,323,239,268,243
"2631",20,47,"Diplodia crataegi",10.7,97,30,7813,272,-44,316,188,20,202,2,523,69,28,27,179,90,169,105
"2632",20,47,"Diplodia cydoniae",10.7,97,30,7813,272,-44,316,188,20,202,2,523,69,28,27,179,90,169,105
"2633",20,47,"Diplodia gleditschiae",10.7,97,30,7813,272,-44,316,188,20,202,2,523,69,28,27,179,90,169,105
"2634",25.016667,-31.483333,"Diplodia tumefaciens",14.9,162,54,4734,301,1,300,203,86,208,86,369,62,11,56,167,37,146,37
"2641",174,-42,"Diplodia mutila",12.8,85,46,3318,221,40,181,135,169,169,84,721,83,39,22,216,142,172,208
"2811",66.7569,40.5234,"Diplodia pistaciae",10.5,124,32,9144,313,-74,387,108,208,223,-14,391,68,1,68,177,11,16,136
"2812",66.7534,40.5205,"Diplodia mori",10.5,124,32,9144,313,-74,387,108,208,223,-14,391,68,1,68,177,11,16,136
"2813",66.6964,40.5572,"Diplodia celtidis",9.9,123,31,9157,307,-81,388,102,202,217,-20,397,69,1,67,181,12,16,136
"2869",-81.719553,33.560417,"Diplodia ampelina",16.8,139,41,7128,331,0,331,258,121,258,74,1228,124,69,18,361,236,361,318
"2902",-81.719553,33.560417,"Diplodia evonymi",16.8,139,41,7128,331,0,331,258,121,258,74,1228,124,69,18,361,236,361,318
"2904",-81.719553,33.560417,"Diplodia ravenelii",16.8,139,41,7128,331,0,331,258,121,258,74,1228,124,69,18,361,236,361,318
"2939",-96.571669,39.183608,"Diplodia opuntiae",12.2,132,31,10018,329,-92,421,224,-12,248,-12,857,136,20,51,354,69,325,69
"2941",-81.719553,33.560417,"Diplodia rosarum",16.8,139,41,7128,331,0,331,258,121,258,74,1228,124,69,18,361,236,361,318
"2987",-81.719553,33.560417,"Diplodia virginiana",16.8,139,41,7128,331,0,331,258,121,258,74,1228,124,69,18,361,236,361,318
"2991",-81.719553,33.560417,"Diplodia hederae",16.8,139,41,7128,331,0,331,258,121,258,74,1228,124,69,18,361,236,361,318
"3174",-81.719553,33.560417,"Diplodia vulgaris",16.8,139,41,7128,331,0,331,258,121,258,74,1228,124,69,18,361,236,361,318
"3188",-81.719553,33.560417,"Diplodia glandicola",16.8,139,41,7128,331,0,331,258,121,258,74,1228,124,69,18,361,236,361,318
"3243",-81.719553,33.560417,"Diplodia fulvella",16.8,139,41,7128,331,0,331,258,121,258,74,1228,124,69,18,361,236,361,318
"3518",-81.719553,33.560417,"Diplodia maura",16.8,139,41,7128,331,0,331,258,121,258,74,1228,124,69,18,361,236,361,318
"3531",-75.024896,39.546504,"Diplodia ilicicola",12.2,113,32,8477,300,-49,349,223,11,230,11,1109,110,77,10,304,255,303,255
"3571",13.840138,50.646569,"Diplodia macrostoma",7.6,75,28,6976,218,-48,266,164,-4,164,-15,569,77,29,33,213,94,213,98
"3572",13.4,52.516667,"Diplodia symphoricarpi",9,81,29,6934,238,-34,272,178,41,178,0,571,70,34,22,188,110,188,127
"3579",13.416667,52.5,"Diplodia mamillana",9.1,81,29,6938,238,-34,272,178,41,178,0,562,69,32,22,184,108,184,124
"3584",-81.25,42.983333,"Diplodia melaena",7.4,100,27,9321,262,-100,362,182,-41,190,-50,945,91,58,12,255,198,254,215
"3586",-81.25,42.983333,"Diplodia rubi",7.4,100,27,9321,262,-100,362,182,-41,190,-50,945,91,58,12,255,198,254,215
"3589",-77.809761,40.888467,"Diplodia juglandis",9.5,114,31,8892,283,-82,365,186,-24,206,-24,991,107,62,16,301,198,291,198
"3590",-81.163727,34.054816,"Diplodia mori",17,135,40,7223,332,1,331,261,123,261,74,1185,131,69,20,366,227,366,293
"3591",-81.1637,33.8361,"Diplodia kerriae",17.2,134,40,7121,332,4,328,261,126,261,78,1214,138,69,21,386,229,386,297
"3592",-71.382439,42.407211,"Diplodia pyrenophora",9.1,119,31,8967,281,-94,375,-2,182,204,-28,1123,115,84,9,313,257,257,288
"3593",-81.1637,33.8361,"Diplodia buxi",17.2,134,40,7121,332,4,328,261,126,261,78,1214,138,69,21,386,229,386,297
"3594",-81.1637,33.8361,"Diplodia zeae",17.2,134,40,7121,332,4,328,261,126,261,78,1214,138,69,21,386,229,386,297
"3595",-79.0193,35.7596,"Diplodia gallae",15.3,131,38,7558,318,-19,337,248,106,248,52,1143,118,79,13,332,245,332,275
"3596",-71.382439,42.407211,"Diplodia rosae",9.1,119,31,8967,281,-94,375,-2,182,204,-28,1123,115,84,9,313,257,257,288
"3597",-81.1637,33.8361,"Diplodia vulgaris",17.2,134,40,7121,332,4,328,261,126,261,78,1214,138,69,21,386,229,386,297
"3598",2,46,"Diplodia atrata",9.4,99,39,5446,232,-16,248,117,55,164,24,922,97,65,11,249,205,230,230
"3599",14.071368,50.916255,"Diplodia carpini",7.6,75,28,6869,217,-45,262,163,-3,163,-13,606,79,32,29,219,105,219,111
"3600",14.236567,50.872138,"Diplodia licalis",7.7,76,28,6891,220,-45,265,164,-2,164,-13,585,76,30,31,214,99,214,104
"3650",21.18,50.57,"Diplodia mutila",7.9,86,27,8016,237,-78,315,176,-18,176,-31,610,90,27,42,250,88,250,93
"3710",15.18,53.9,"Diplodia mutila",8.4,70,25,7436,228,-48,276,176,30,176,-15,577,68,28,23,185,100,185,115
"3719",19.97,50.85,"Diplodia mutila",7.6,84,27,7823,230,-76,306,169,-17,169,-33,623,89,28,40,250,92,250,98
"3735",20.42,49.7,"Diplodia mutila",7,93,29,7706,227,-87,314,163,-22,163,-37,790,119,33,45,333,110,333,116
"3752",20.03,50.35,"Diplodia mutila",7.6,87,28,7599,227,-75,302,167,-15,167,-29,685,97,30,41,279,100,279,105
"3757",14.83,53.75,"Diplodia mutila",8.5,72,26,7188,227,-43,270,174,-2,174,-11,558,66,28,23,181,99,181,111
"3760",19.82,50.22,"Diplodia mutila",7,86,29,7417,219,-76,295,160,-18,160,-31,753,106,34,41,304,112,304,117
"3842",15.4,53.77,"Diplodia mutila",8,71,25,7621,227,-57,284,174,-11,174,-23,595,72,29,24,195,103,195,117
"3871",20.57,51.13,"Diplodia mutila",6.9,83,26,7957,224,-85,309,164,-27,164,-42,613,88,28,39,246,91,246,97
"3996",-81.719553,33.560417,"Diplodia gallae",16.8,139,41,7128,331,0,331,258,121,258,74,1228,124,69,18,361,236,361,318
"4010",27.4,38.63,"Diplodia seriata",16.9,116,36,7274,346,30,316,78,264,264,78,701,143,5,76,366,25,25,366
"4069",-35.588028,-8.016458,"Diplodia recifensis",24,88,70,1241,305,180,125,229,246,253,222,815,133,14,64,344,54,196,307
"4090",10.4644,59.9294,"Diplodia pyrenophora",5.4,70,24,7564,208,-76,284,106,-4,153,-42,746,91,36,28,253,120,236,139
"4091",10.6998,59.9315,"Diplodia pyrenophora",5.9,70,24,7555,213,-70,283,110,1,158,-37,747,91,36,29,255,121,235,139
"4105",10.333333,44.8,"Diplodia sophorae",12.5,91,29,7524,291,-18,309,78,220,220,25,842,98,46,21,266,169,169,190
"4106",21.24073,48.998874,"Diplodia mamillana",7.9,96,30,7771,243,-75,318,176,-13,176,-25,680,96,34,39,273,104,273,115
"4107",17.734298,49.55063,"Diplodia aristolochiae-siphoriis",8.3,91,31,7134,236,-54,290,171,1,171,-13,661,95,29,42,268,91,268,96
"4108",10.281313,44.766318,"Diplodia maclurae",12.4,90,29,7457,289,-17,306,78,218,218,25,844,99,45,22,270,165,165,192
"4109",17.476087,49.54494,"Diplodia ligustri",7.8,89,31,7053,230,-56,286,166,-3,166,-16,655,94,30,42,267,91,267,98
"4110",12.102261,53.210312,"Diplodia preussii",8.4,73,29,6451,220,-28,248,167,33,167,3,577,66,32,21,190,107,190,125
"4112",17.7246,49.543502,"Diplodia tiliae",8.3,91,31,7134,236,-54,290,171,1,171,-13,661,95,29,42,268,91,268,96
